age,income,gender_F,gender_M,gender_None,target
-1.2637171883279386,-1.9402850002906633,0.0,1.0,0.0,0
-0.43955380463580446,0.9701425001453323,1.0,0.0,0.0,1
-0.19230478952816424,-0.4850712500726655,1.0,0.0,0.0,0
2.032936346440598,0.2425356250363334,0.0,1.0,0.0,1
0.054944225579475994,0.2425356250363334,0.0,0.0,1.0,0
-0.19230478952816424,0.9701425001453323,1.0,0.0,0.0,1
